"bundle_path","source_path","role","runtime_enabled"
"source_snapshot/ucar_fast_nav/config/move_base/costmap_common_params.yaml","D:/program_sec/智能车/另一组小车/ucar/ucar_ws/src/ucar_nav/launch/config/move_base/costmap_common_params.yaml","runtime configuration copied into isolated package","true"
"source_snapshot/ucar_fast_nav/config/move_base/global_costmap_params.yaml","D:/program_sec/智能车/另一组小车/ucar/ucar_ws/src/ucar_nav/launch/config/move_base/global_costmap_params.yaml","runtime configuration copied into isolated package","true"
"source_snapshot/ucar_fast_nav/config/move_base/global_planner_params.yaml","D:/program_sec/智能车/另一组小车/ucar/ucar_ws/src/ucar_nav/launch/config/move_base/global_planner_params.yaml","runtime configuration copied into isolated package","true"
"source_snapshot/ucar_fast_nav/config/move_base/local_costmap_params.yaml","D:/program_sec/智能车/另一组小车/ucar/ucar_ws/src/ucar_nav/launch/config/move_base/local_costmap_params.yaml","runtime configuration copied into isolated package","true"
"source_snapshot/ucar_fast_nav/config/move_base/move_base_params.yaml","D:/program_sec/智能车/另一组小车/ucar/ucar_ws/src/ucar_nav/launch/config/move_base/move_base_params.yaml","runtime configuration copied into isolated package","true"
"source_snapshot/ucar_fast_nav/config/move_base/teb_local_planner_params.yaml","D:/program_sec/智能车/另一组小车/ucar/ucar_ws/src/ucar_nav/launch/config/move_base/teb_local_planner_params.yaml","runtime configuration copied into isolated package","true"
"source_snapshot/ucar_fast_nav/maps/002.pgm","D:/program_sec/智能车/另一组小车/ucar/ucar_ws/src/ucar_nav/maps/002.pgm","runtime configuration copied into isolated package","true"
"source_snapshot/ucar_fast_nav/maps/002.yaml","D:/program_sec/智能车/另一组小车/ucar/ucar_ws/src/ucar_nav/maps/002.yaml","runtime configuration copied into isolated package","true"
"vendor_dependencies/dynamic_obstacle/CMakeLists.txt","D:/program_sec/智能车/另一组小车/ucar/ucar_ws/src/dynamic_obstacle/CMakeLists.txt","archived dynamic obstacle chain","false"
"vendor_dependencies/dynamic_obstacle/launch/dryrun_test.launch","D:/program_sec/智能车/另一组小车/ucar/ucar_ws/src/dynamic_obstacle/launch/dryrun_test.launch","archived dynamic obstacle chain","false"
"vendor_dependencies/dynamic_obstacle/launch/dynamic_avoidance.launch","D:/program_sec/智能车/另一组小车/ucar/ucar_ws/src/dynamic_obstacle/launch/dynamic_avoidance.launch","archived dynamic obstacle chain","false"
"vendor_dependencies/dynamic_obstacle/msg/TrackedObject.msg","D:/program_sec/智能车/另一组小车/ucar/ucar_ws/src/dynamic_obstacle/msg/TrackedObject.msg","archived dynamic obstacle chain","false"
"vendor_dependencies/dynamic_obstacle/msg/TrackedObjectArray.msg","D:/program_sec/智能车/另一组小车/ucar/ucar_ws/src/dynamic_obstacle/msg/TrackedObjectArray.msg","archived dynamic obstacle chain","false"
"vendor_dependencies/dynamic_obstacle/package.xml","D:/program_sec/智能车/另一组小车/ucar/ucar_ws/src/dynamic_obstacle/package.xml","archived dynamic obstacle chain","false"
"vendor_dependencies/dynamic_obstacle/scripts/dynamic_obstacle_tracker.py","D:/program_sec/智能车/另一组小车/ucar/ucar_ws/src/dynamic_obstacle/scripts/dynamic_obstacle_tracker.py","archived dynamic obstacle chain","false"
"vendor_dependencies/dynamic_obstacle/scripts/fake_odom.py","D:/program_sec/智能车/另一组小车/ucar/ucar_ws/src/dynamic_obstacle/scripts/fake_odom.py","archived dynamic obstacle chain","false"
"vendor_dependencies/dynamic_obstacle/scripts/safety_monitor.py","D:/program_sec/智能车/另一组小车/ucar/ucar_ws/src/dynamic_obstacle/scripts/safety_monitor.py","archived dynamic obstacle chain","false"
"vendor_dependencies/dynamic_obstacle/scripts/test_safety_monitor.py","D:/program_sec/智能车/另一组小车/ucar/ucar_ws/src/dynamic_obstacle/scripts/test_safety_monitor.py","archived dynamic obstacle chain","false"
"vendor_dependencies/dynamic_obstacle/scripts/test_synthetic_scan.py","D:/program_sec/智能车/另一组小车/ucar/ucar_ws/src/dynamic_obstacle/scripts/test_synthetic_scan.py","archived dynamic obstacle chain","false"
"vendor_dependencies/jie_ware/.gitignore","D:/program_sec/智能车/另一组小车/ucar/ucar_ws/src/jie_ware/.gitignore","lidar localization dependency","conditional"
"vendor_dependencies/jie_ware/CMakeLists.txt","D:/program_sec/智能车/另一组小车/ucar/ucar_ws/src/jie_ware/CMakeLists.txt","lidar localization dependency","conditional"
"vendor_dependencies/jie_ware/launch/amcl_test.launch","D:/program_sec/智能车/另一组小车/ucar/ucar_ws/src/jie_ware/launch/amcl_test.launch","lidar localization dependency","conditional"
"vendor_dependencies/jie_ware/launch/lidar_loc_test.launch","D:/program_sec/智能车/另一组小车/ucar/ucar_ws/src/jie_ware/launch/lidar_loc_test.launch","lidar localization dependency","conditional"
"vendor_dependencies/jie_ware/LICENSE","D:/program_sec/智能车/另一组小车/ucar/ucar_ws/src/jie_ware/LICENSE","lidar localization dependency","conditional"
"vendor_dependencies/jie_ware/package.xml","D:/program_sec/智能车/另一组小车/ucar/ucar_ws/src/jie_ware/package.xml","lidar localization dependency","conditional"
"vendor_dependencies/jie_ware/README.md","D:/program_sec/智能车/另一组小车/ucar/ucar_ws/src/jie_ware/README.md","lidar localization dependency","conditional"
"vendor_dependencies/jie_ware/src/costmap_cleaner.cpp","D:/program_sec/智能车/另一组小车/ucar/ucar_ws/src/jie_ware/src/costmap_cleaner.cpp","lidar localization dependency","conditional"
"vendor_dependencies/jie_ware/src/lidar_filter_node.cpp","D:/program_sec/智能车/另一组小车/ucar/ucar_ws/src/jie_ware/src/lidar_filter_node.cpp","lidar localization dependency","conditional"
"vendor_dependencies/jie_ware/src/lidar_loc.cpp","D:/program_sec/智能车/另一组小车/ucar/ucar_ws/src/jie_ware/src/lidar_loc.cpp","lidar localization dependency","conditional"
"vendor_dependencies/original_entrypoints/ucar_navigation.launch","D:/program_sec/智能车/另一组小车/ucar/ucar_ws/src/ucar_nav/launch/ucar_navigation.launch","original navigation entrypoint reference","false"
"vendor_dependencies/original_entrypoints/ucar_navigation.launch.bak_lidar_loc_20260801_175454","D:/program_sec/智能车/另一组小车/ucar/ucar_ws/src/ucar_nav/launch/ucar_navigation.launch.bak_lidar_loc_20260801_175454","original navigation entrypoint reference","false"
